{
	"name": "Copy from REST API",
	"properties": {
		"activities": [
			{
				"name": "CopyREST2Parquet",
				"type": "Copy",
				"dependsOn": [],
				"policy": {
					"timeout": "7.00:00:00",
					"retry": 0,
					"retryIntervalInSeconds": 30,
					"secureOutput": false,
					"secureInput": false
				},
				"userProperties": [],
				"typeProperties": {
					"source": {
						"type": "RestSource",
						"httpRequestTimeout": "00:01:40",
						"requestInterval": "00.00:00:00.010",
						"requestMethod": "GET"
					},
					"sink": {
						"type": "ParquetSink",
						"storeSettings": {
							"type": "AzureBlobFSWriteSettings",
							"copyBehavior": "FlattenHierarchy"
						},
						"formatSettings": {
							"type": "ParquetWriteSettings"
						}
					},
					"enableStaging": false,
					"translator": {
						"type": "TabularTranslator",
						"mappings": [
							{
								"source": {
									"path": "['name']"
								},
								"sink": {
									"name": "name",
									"type": "String"
								}
							},
							{
								"source": {
									"path": "['friendlyName']"
								},
								"sink": {
									"name": "friendlyName",
									"type": "String"
								}
							},
							{
								"source": {
									"path": "['description']"
								},
								"sink": {
									"name": "description",
									"type": "String"
								}
							},
							{
								"source": {
									"path": "['systemData']['createdBy']"
								},
								"sink": {
									"name": "createdBy",
									"type": "String"
								}
							},
							{
								"source": {
									"path": "['systemData']['createdByType']"
								},
								"sink": {
									"name": "createdByType",
									"type": "String"
								}
							},
							{
								"source": {
									"path": "['systemData']['createdAt']"
								},
								"sink": {
									"name": "createdAt",
									"type": "DateTime"
								}
							},
							{
								"source": {
									"path": "['systemData']['lastModifiedByType']"
								},
								"sink": {
									"name": "lastModifiedByType",
									"type": "String"
								}
							},
							{
								"source": {
									"path": "['systemData']['lastModifiedAt']"
								},
								"sink": {
									"name": "lastModifiedAt",
									"type": "DateTime"
								}
							},
							{
								"source": {
									"path": "['collectionProvisioningState']"
								},
								"sink": {
									"name": "collectionProvisioningState",
									"type": "String"
								}
							},
							{
								"source": {
									"path": "['parentCollection']['type']"
								},
								"sink": {
									"name": "parentCollectionType",
									"type": "String"
								}
							},
							{
								"source": {
									"path": "['parentCollection']['referenceName']"
								},
								"sink": {
									"name": "parentCollectionReferenceName",
									"type": "String"
								}
							}
						],
						"collectionReference": "$['value']",
						"mapComplexValuesToString": true
					}
				},
				"inputs": [
					{
						"referenceName": "AtlasREST_API",
						"type": "DatasetReference",
						"parameters": {
							"RelativeUrl": {
								"value": "@pipeline().parameters.EntityName",
								"type": "Expression"
							}
						}
					}
				],
				"outputs": [
					{
						"referenceName": "Bronze_Parquet",
						"type": "DatasetReference",
						"parameters": {
							"FileSystem": {
								"value": "@pipeline().parameters.DestinationRawFileSystem",
								"type": "Expression"
							},
							"Folder": {
								"value": "@pipeline().parameters.DestinationRawFolder",
								"type": "Expression"
							},
							"File": {
								"value": "@pipeline().parameters.DestinationRawFile",
								"type": "Expression"
							}
						}
					}
				]
			}
		],
		"parameters": {
			"EntityName": {
				"type": "string",
				"defaultValue": "/collections?api-version=2019-11-01-preview"
			},
			"DestinationRawFileSystem": {
				"type": "string",
				"defaultValue": "raw-bronze"
			},
			"DestinationRawFolder": {
				"type": "string",
				"defaultValue": "purview/collections/2022-06"
			},
			"DestinationRawFile": {
				"type": "string",
				"defaultValue": "collections_20220625.parquet"
			}
		},
		"folder": {
			"name": "Sandbox"
		},
		"annotations": [],
		"lastPublishTime": "2023-06-25T08:42:47Z"
	},
	"type": "Microsoft.Synapse/workspaces/pipelines"
}