{
	"name": "IngestREST",
	"properties": {
		"description": "Generic Pipeline to ingest data from any REST API",
		"activities": [
			{
				"name": "Ingest Running",
				"type": "SqlServerStoredProcedure",
				"dependsOn": [
					{
						"activity": "ADFPipelineRunID",
						"dependencyConditions": [
							"Succeeded"
						]
					}
				],
				"policy": {
					"timeout": "7.00:00:00",
					"retry": 0,
					"retryIntervalInSeconds": 30,
					"secureOutput": false,
					"secureInput": false
				},
				"userProperties": [],
				"typeProperties": {
					"storedProcedureName": "[ELT].[InsertIngestInstance]",
					"storedProcedureParameters": {
						"ADFPipelineRunID": {
							"value": {
								"value": "@variables('ADFPipelineRunID')",
								"type": "Expression"
							},
							"type": "Guid"
						},
						"DestinationRawFile": {
							"value": {
								"value": "@pipeline().parameters.DestinationRawFile",
								"type": "Expression"
							},
							"type": "String"
						},
						"DestinationRawFileSystem": {
							"value": {
								"value": "@pipeline().parameters.DestinationRawFileSystem",
								"type": "Expression"
							},
							"type": "String"
						},
						"DestinationRawFolder": {
							"value": {
								"value": "@pipeline().parameters.DestinationRawFolder",
								"type": "Expression"
							},
							"type": "String"
						},
						"IngestID": {
							"value": {
								"value": "@pipeline().parameters.IngestID",
								"type": "Expression"
							},
							"type": "Int32"
						},
						"ReloadFlag": {
							"value": {
								"value": "@pipeline().parameters.ReloadFlag",
								"type": "Expression"
							},
							"type": "Boolean"
						},
						"SourceFileDropFile": {
							"value": null,
							"type": "String"
						},
						"SourceFileDropFileSystem": {
							"value": null,
							"type": "String"
						},
						"SourceFileDropFolder": {
							"value": null,
							"type": "String"
						}
					}
				},
				"linkedServiceName": {
					"referenceName": "ControlDB",
					"type": "LinkedServiceReference"
				}
			},
			{
				"name": "Source To Datalake Bronze Zone",
				"type": "Copy",
				"dependsOn": [
					{
						"activity": "Ingest Running",
						"dependencyConditions": [
							"Succeeded"
						]
					}
				],
				"policy": {
					"timeout": "7.00:00:00",
					"retry": 0,
					"retryIntervalInSeconds": 30,
					"secureOutput": false,
					"secureInput": false
				},
				"userProperties": [],
				"typeProperties": {
					"source": {
						"type": "RestSource",
						"httpRequestTimeout": "00:01:40",
						"requestInterval": "00.00:00:00.010",
						"requestMethod": "GET",
						"paginationRules": {
							"supportRFC5988": "true"
						}
					},
					"sink": {
						"type": "ParquetSink",
						"storeSettings": {
							"type": "AzureBlobFSWriteSettings"
						},
						"formatSettings": {
							"type": "ParquetWriteSettings"
						}
					},
					"enableStaging": false,
					"translator": {
						"value": "@json(pipeline().parameters.DataMapping)",
						"type": "Expression"
					}
				},
				"inputs": [
					{
						"referenceName": "REST_API",
						"type": "DatasetReference",
						"parameters": {
							"BaseURL": {
								"value": "@pipeline().parameters.BaseURL",
								"type": "Expression"
							},
							"ServicePrincipalID": {
								"value": "@pipeline().parameters.ServicePrincipalID",
								"type": "Expression"
							},
							"TenantID": {
								"value": "@pipeline().parameters.TenantID",
								"type": "Expression"
							},
							"AADResource": {
								"value": "@pipeline().parameters.AADResource",
								"type": "Expression"
							},
							"RelativeURL": {
								"value": "@pipeline().parameters.SourceSQL",
								"type": "Expression"
							}
						}
					}
				],
				"outputs": [
					{
						"referenceName": "Bronze_Parquet",
						"type": "DatasetReference",
						"parameters": {
							"FileSystem": {
								"value": "@pipeline().parameters.DestinationRawFileSystem",
								"type": "Expression"
							},
							"Folder": {
								"value": "@pipeline().parameters.DestinationRawFolder",
								"type": "Expression"
							},
							"File": {
								"value": "@pipeline().parameters.DestinationRawFile",
								"type": "Expression"
							}
						}
					}
				]
			},
			{
				"name": "ADFPipelineRunID",
				"type": "SetVariable",
				"dependsOn": [],
				"policy": {
					"secureOutput": false,
					"secureInput": false
				},
				"userProperties": [],
				"typeProperties": {
					"variableName": "ADFPipelineRunID",
					"value": {
						"value": "@{if(empty(pipeline().parameters.ADFPipelineRunID),pipeline().RunId,pipeline().parameters.ADFPipelineRunID)}",
						"type": "Expression"
					}
				}
			},
			{
				"name": "Ingest Success",
				"type": "SqlServerStoredProcedure",
				"dependsOn": [
					{
						"activity": "Source To Datalake Bronze Zone",
						"dependencyConditions": [
							"Succeeded"
						]
					}
				],
				"policy": {
					"timeout": "7.00:00:00",
					"retry": 0,
					"retryIntervalInSeconds": 30,
					"secureOutput": false,
					"secureInput": false
				},
				"userProperties": [],
				"typeProperties": {
					"storedProcedureName": "[ELT].[UpdateIngestInstance]",
					"storedProcedureParameters": {
						"ADFIngestPipelineRunID": {
							"value": {
								"value": "@variables('ADFPipelineRunID')",
								"type": "Expression"
							},
							"type": "Guid"
						},
						"DataFromNumber": {
							"value": null,
							"type": "Int32"
						},
						"DataFromTimestamp": {
							"value": null,
							"type": "DateTime"
						},
						"DataToNumber": {
							"value": null,
							"type": "Int32"
						},
						"DataToTimestamp": {
							"value": null,
							"type": "DateTime"
						},
						"IngestCount": {
							"value": {
								"value": "@activity('Source To Datalake Bronze Zone').output.rowsCopied",
								"type": "Expression"
							},
							"type": "Int32"
						},
						"IngestStatus": {
							"value": "Success",
							"type": "String"
						},
						"ReloadFlag": {
							"value": {
								"value": "@pipeline().parameters.ReloadFlag",
								"type": "Expression"
							},
							"type": "Boolean"
						},
						"SourceCount": {
							"value": {
								"value": "@activity('Source To Datalake Bronze Zone').output.rowsRead",
								"type": "Expression"
							},
							"type": "Int32"
						}
					}
				},
				"linkedServiceName": {
					"referenceName": "ControlDB",
					"type": "LinkedServiceReference"
				}
			},
			{
				"name": "Ingest Failure",
				"type": "SqlServerStoredProcedure",
				"dependsOn": [
					{
						"activity": "Source To Datalake Bronze Zone",
						"dependencyConditions": [
							"Failed"
						]
					}
				],
				"policy": {
					"timeout": "7.00:00:00",
					"retry": 0,
					"retryIntervalInSeconds": 30,
					"secureOutput": false,
					"secureInput": false
				},
				"userProperties": [],
				"typeProperties": {
					"storedProcedureName": "[ELT].[UpdateIngestInstance]",
					"storedProcedureParameters": {
						"ADFIngestPipelineRunID": {
							"value": {
								"value": "@variables('ADFPipelineRunID')",
								"type": "Expression"
							},
							"type": "Guid"
						},
						"DataFromNumber": {
							"value": null,
							"type": "Int32"
						},
						"DataFromTimestamp": {
							"value": null,
							"type": "DateTime"
						},
						"DataToNumber": {
							"value": null,
							"type": "Int32"
						},
						"DataToTimestamp": {
							"value": null,
							"type": "DateTime"
						},
						"IngestCount": {
							"value": null,
							"type": "Int32"
						},
						"IngestStatus": {
							"value": "Failure",
							"type": "String"
						},
						"ReloadFlag": {
							"value": {
								"value": "@pipeline().parameters.ReloadFlag",
								"type": "Expression"
							},
							"type": "Boolean"
						},
						"SourceCount": {
							"value": null,
							"type": "Int32"
						}
					}
				},
				"linkedServiceName": {
					"referenceName": "ControlDB",
					"type": "LinkedServiceReference"
				}
			},
			{
				"name": "Get L1Transform Definition",
				"type": "Lookup",
				"dependsOn": [
					{
						"activity": "Ingest Success",
						"dependencyConditions": [
							"Succeeded"
						]
					}
				],
				"policy": {
					"timeout": "7.00:00:00",
					"retry": 0,
					"retryIntervalInSeconds": 30,
					"secureOutput": false,
					"secureInput": false
				},
				"userProperties": [],
				"typeProperties": {
					"source": {
						"type": "AzureSqlSource",
						"sqlReaderStoredProcedureName": "[ELT].[GetTransformDefinition_L1]",
						"storedProcedureParameters": {
							"DeltaDate": {
								"type": "DateTime",
								"value": {
									"value": "@pipeline().parameters.DataFromTimestamp",
									"type": "Expression"
								}
							},
							"IngestID": {
								"type": "Int32",
								"value": {
									"value": "@pipeline().parameters.IngestID",
									"type": "Expression"
								}
							}
						},
						"queryTimeout": "02:00:00",
						"partitionOption": "None"
					},
					"dataset": {
						"referenceName": "ControlDB_Dataset",
						"type": "DatasetReference",
						"parameters": {
							"Table": "NotApplicable",
							"Schema": "NotApplicable"
						}
					},
					"firstRowOnly": false
				}
			},
			{
				"name": "Get L2Transform Definition",
				"type": "Lookup",
				"dependsOn": [
					{
						"activity": "ForEach L1Transform",
						"dependencyConditions": [
							"Succeeded"
						]
					}
				],
				"policy": {
					"timeout": "7.00:00:00",
					"retry": 0,
					"retryIntervalInSeconds": 30,
					"secureOutput": false,
					"secureInput": false
				},
				"userProperties": [],
				"typeProperties": {
					"source": {
						"type": "AzureSqlSource",
						"sqlReaderStoredProcedureName": "[ELT].[GetTransformDefinition_L2]",
						"storedProcedureParameters": {
							"DeltaDate": {
								"type": "DateTime",
								"value": {
									"value": "@pipeline().parameters.DataFromTimestamp",
									"type": "Expression"
								}
							},
							"IngestID": {
								"type": "Int32",
								"value": {
									"value": "@pipeline().parameters.IngestID",
									"type": "Expression"
								}
							},
							"InputType": {
								"type": "String",
								"value": null
							}
						},
						"queryTimeout": "02:00:00",
						"partitionOption": "None"
					},
					"dataset": {
						"referenceName": "ControlDB_Dataset",
						"type": "DatasetReference",
						"parameters": {
							"Table": "NotApplicable",
							"Schema": "NotApplicable"
						}
					},
					"firstRowOnly": false
				}
			},
			{
				"name": "ForEach L2Transform",
				"type": "ForEach",
				"dependsOn": [
					{
						"activity": "Get L2Transform Definition",
						"dependencyConditions": [
							"Succeeded"
						]
					}
				],
				"userProperties": [],
				"typeProperties": {
					"items": {
						"value": "@activity('Get L2Transform Definition').output.value",
						"type": "Expression"
					},
					"isSequential": true,
					"activities": [
						{
							"name": "Insert L2Transform Instance",
							"type": "SqlServerStoredProcedure",
							"dependsOn": [],
							"policy": {
								"timeout": "7.00:00:00",
								"retry": 0,
								"retryIntervalInSeconds": 30,
								"secureOutput": false,
								"secureInput": false
							},
							"userProperties": [],
							"typeProperties": {
								"storedProcedureName": "[ELT].[InsertTransformInstance_L2]",
								"storedProcedureParameters": {
									"CustomParameters": {
										"value": {
											"value": "@item().CustomParameters",
											"type": "Expression"
										},
										"type": "String"
									},
									"DataFromNumber": {
										"value": {
											"value": "@item().DataFromNumber",
											"type": "Expression"
										},
										"type": "Int32"
									},
									"DataFromTimestamp": {
										"value": {
											"value": "@item().DataToTimestamp",
											"type": "Expression"
										},
										"type": "DateTime"
									},
									"DataToNumber": {
										"value": {
											"value": "@item().DataToNumber",
											"type": "Expression"
										},
										"type": "Int32"
									},
									"DataToTimestamp": {
										"value": {
											"value": "@item().DataToTimestamp",
											"type": "Expression"
										},
										"type": "DateTime"
									},
									"DeltaName": {
										"value": {
											"value": "@item().DeltaName",
											"type": "Expression"
										},
										"type": "String"
									},
									"IngestADFPipelineRunID": {
										"value": {
											"value": "@variables('ADFPipelineRunID')",
											"type": "Expression"
										},
										"type": "Guid"
									},
									"IngestID": {
										"value": {
											"value": "@item().IngestID",
											"type": "Expression"
										},
										"type": "Int32"
									},
									"InputDWTable": {
										"value": {
											"value": "@item().InputDWTable",
											"type": "Expression"
										},
										"type": "String"
									},
									"InputFile": {
										"value": {
											"value": "@item().InputFile",
											"type": "Expression"
										},
										"type": "String"
									},
									"InputFileDelimiter": {
										"value": {
											"value": "@item().InputFileDelimiter",
											"type": "Expression"
										},
										"type": "String"
									},
									"InputFileFolder": {
										"value": {
											"value": "@item().InputFileFolder",
											"type": "Expression"
										},
										"type": "String"
									},
									"InputFileHeaderFlag": {
										"value": {
											"value": "@item().InputFileHeaderFlag",
											"type": "Expression"
										},
										"type": "Boolean"
									},
									"InputFileSystem": {
										"value": {
											"value": "@item().InputFileSystem",
											"type": "Expression"
										},
										"type": "String"
									},
									"L1TransformADFPipelineRunID": {
										"value": null,
										"type": "Guid"
									},
									"L1TransformID": {
										"value": {
											"value": "@item().L1TransformID",
											"type": "Expression"
										},
										"type": "Int32"
									},
									"L2TransformID": {
										"value": {
											"value": "@item().L2TransformID",
											"type": "Expression"
										},
										"type": "Int32"
									},
									"LastDeltaDate": {
										"value": null,
										"type": "DateTime"
									},
									"LastDeltaNumber": {
										"value": null,
										"type": "Int32"
									},
									"LookupColumns": {
										"value": {
											"value": "@item().LookupColumns",
											"type": "Expression"
										},
										"type": "String"
									},
									"MaxRetries": {
										"value": {
											"value": "@item().MaxRetries",
											"type": "Expression"
										},
										"type": "Int32"
									},
									"NotebookName": {
										"value": {
											"value": "@item().NotebookName",
											"type": "Expression"
										},
										"type": "String"
									},
									"NotebookPath": {
										"value": {
											"value": "@item().NotebookPath",
											"type": "Expression"
										},
										"type": "String"
									},
									"OutputDWStagingTable": {
										"value": {
											"value": "@item().OutputDWStagingTable",
											"type": "Expression"
										},
										"type": "String"
									},
									"OutputDWTable": {
										"value": {
											"value": "@item().OutputDWTable",
											"type": "Expression"
										},
										"type": "String"
									},
									"OutputDWTableWriteMode": {
										"value": {
											"value": "@item().OutputDWTableWriteMode",
											"type": "Expression"
										},
										"type": "String"
									},
									"OutputL2CuratedFile": {
										"value": {
											"value": "@item().OutputL2CuratedFile",
											"type": "Expression"
										},
										"type": "String"
									},
									"OutputL2CuratedFileDelimiter": {
										"value": {
											"value": "@item().OutputL2CuratedFileDelimiter",
											"type": "Expression"
										},
										"type": "String"
									},
									"OutputL2CuratedFileFormat": {
										"value": {
											"value": "@item().OutputL2CuratedFileFormat",
											"type": "Expression"
										},
										"type": "String"
									},
									"OutputL2CuratedFileWriteMode": {
										"value": {
											"value": "@item().OutputL2CuratedFileWriteMode",
											"type": "Expression"
										},
										"type": "String"
									},
									"OutputL2CuratedFolder": {
										"value": {
											"value": "@item().OutputL2CuratedFolder",
											"type": "Expression"
										},
										"type": "String"
									},
									"OutputL2CurateFileSystem": {
										"value": {
											"value": "@item().OutputL2CurateFileSystem",
											"type": "Expression"
										},
										"type": "String"
									}
								}
							},
							"linkedServiceName": {
								"referenceName": "ControlDB",
								"type": "LinkedServiceReference"
							}
						}
					]
				}
			},
			{
				"name": "ForEach L1Transform",
				"type": "ForEach",
				"dependsOn": [
					{
						"activity": "Get L1Transform Definition",
						"dependencyConditions": [
							"Succeeded"
						]
					}
				],
				"userProperties": [],
				"typeProperties": {
					"items": {
						"value": "@activity('Get L1Transform Definition').output.value",
						"type": "Expression"
					},
					"isSequential": true,
					"activities": [
						{
							"name": "Insert L1Transform Instance",
							"type": "SqlServerStoredProcedure",
							"dependsOn": [],
							"policy": {
								"timeout": "7.00:00:00",
								"retry": 0,
								"retryIntervalInSeconds": 30,
								"secureOutput": false,
								"secureInput": false
							},
							"userProperties": [],
							"typeProperties": {
								"storedProcedureName": "[ELT].[InsertTransformInstance_L1]",
								"storedProcedureParameters": {
									"CustomParameters": {
										"value": {
											"value": "@item().CustomParameters",
											"type": "Expression"
										},
										"type": "String"
									},
									"IngestADFPipelineRunID": {
										"value": {
											"value": "@variables('ADFPipelineRunID')",
											"type": "Expression"
										},
										"type": "Guid"
									},
									"IngestCount": {
										"value": {
											"value": "@activity('Source To Datalake Bronze Zone').output.rowsCopied",
											"type": "Expression"
										},
										"type": "Int32"
									},
									"IngestID": {
										"value": {
											"value": "@item().IngestID",
											"type": "Expression"
										},
										"type": "Int32"
									},
									"IngestInstanceID": {
										"value": null,
										"type": "Int32"
									},
									"InputFileHeaderFlag": {
										"value": {
											"value": "@item().InputFileHeaderFlag",
											"type": "Expression"
										},
										"type": "Boolean"
									},
									"InputRawFile": {
										"value": {
											"value": "@pipeline().parameters.DestinationRawFile",
											"type": "Expression"
										},
										"type": "String"
									},
									"InputRawFileDelimiter": {
										"value": {
											"value": "@item().InputRawFileDelimiter",
											"type": "Expression"
										},
										"type": "String"
									},
									"InputRawFileFolder": {
										"value": {
											"value": "@pipeline().parameters.DestinationRawFolder",
											"type": "Expression"
										},
										"type": "String"
									},
									"InputRawFileSystem": {
										"value": {
											"value": "@pipeline().parameters.DestinationRawFileSystem",
											"type": "Expression"
										},
										"type": "String"
									},
									"L1TransformID": {
										"value": {
											"value": "@item().L1TransformID",
											"type": "Expression"
										},
										"type": "Int32"
									},
									"LookupColumns": {
										"value": {
											"value": "@item().LookupColumns",
											"type": "Expression"
										},
										"type": "String"
									},
									"NotebookName": {
										"value": {
											"value": "@item().NotebookName",
											"type": "Expression"
										},
										"type": "String"
									},
									"NotebookPath": {
										"value": {
											"value": "@item().NotebookPath",
											"type": "Expression"
										},
										"type": "String"
									},
									"OutputDWStagingTable": {
										"value": {
											"value": "@item().OutputDWStagingTable",
											"type": "Expression"
										},
										"type": "String"
									},
									"OutputDWTable": {
										"value": {
											"value": "@item().OutputDWTable",
											"type": "Expression"
										},
										"type": "String"
									},
									"OutputDWTableWriteMode": {
										"value": {
											"value": "@item().OutputDWTableWriteMode",
											"type": "Expression"
										},
										"type": "String"
									},
									"OutputL1CuratedFile": {
										"value": {
											"value": "@item().OutputL1CuratedFile",
											"type": "Expression"
										},
										"type": "String"
									},
									"OutputL1CuratedFileDelimiter": {
										"value": {
											"value": "@item().OutputL1CuratedFileDelimiter",
											"type": "Expression"
										},
										"type": "String"
									},
									"OutputL1CuratedFileFormat": {
										"value": {
											"value": "@item().OutputL1CuratedFileFormat",
											"type": "Expression"
										},
										"type": "String"
									},
									"OutputL1CuratedFileWriteMode": {
										"value": {
											"value": "@item().OutputL1CuratedFileWriteMode",
											"type": "Expression"
										},
										"type": "String"
									},
									"OutputL1CuratedFolder": {
										"value": {
											"value": "@item().OutputL1CuratedFolder",
											"type": "Expression"
										},
										"type": "String"
									},
									"OutputL1CurateFileSystem": {
										"value": {
											"value": "@item().OutputL1CurateFileSystem",
											"type": "Expression"
										},
										"type": "String"
									}
								}
							},
							"linkedServiceName": {
								"referenceName": "ControlDB",
								"type": "LinkedServiceReference"
							}
						}
					]
				}
			}
		],
		"parameters": {
			"IngestID": {
				"type": "int"
			},
			"SourceSystemName": {
				"type": "string"
			},
			"StreamName": {
				"type": "string"
			},
			"Backend": {
				"type": "string"
			},
			"EntityName": {
				"type": "string"
			},
			"DeltaName": {
				"type": "string"
			},
			"LastDeltaDate": {
				"type": "string"
			},
			"DataFromTimestamp": {
				"type": "string"
			},
			"DataToTimestamp": {
				"type": "string"
			},
			"LastDeltaNumber": {
				"type": "int"
			},
			"DataFromNumber": {
				"type": "int"
			},
			"DataToNumber": {
				"type": "int"
			},
			"DataFormat": {
				"type": "string"
			},
			"SourceStructure": {
				"type": "string"
			},
			"MaxIntervalMinutes": {
				"type": "int"
			},
			"MaxIntervalNumber": {
				"type": "int"
			},
			"DataMapping": {
				"type": "string"
			},
			"RunSequence": {
				"type": "int"
			},
			"ActiveFlag": {
				"type": "bool"
			},
			"L1TransformationReqdFlag": {
				"type": "string"
			},
			"L2TransformationReqdFlag": {
				"type": "string"
			},
			"DelayL1TransformationFlag": {
				"type": "bool"
			},
			"DelayL2TransformationFlag": {
				"type": "bool"
			},
			"DestinationRawFileSystem": {
				"type": "string"
			},
			"DestinationRawFolder": {
				"type": "string"
			},
			"DestinationRawFile": {
				"type": "string"
			},
			"SourceSQL": {
				"type": "string"
			},
			"StatSQL": {
				"type": "string"
			},
			"ReloadFlag": {
				"type": "bool"
			},
			"ADFPipelineRunID": {
				"type": "string"
			},
			"BaseURL": {
				"type": "string"
			},
			"ServicePrincipalID": {
				"type": "string"
			},
			"TenantID": {
				"type": "string"
			},
			"AADResource": {
				"type": "string"
			}
		},
		"variables": {
			"ADFPipelineRunID": {
				"type": "String"
			}
		},
		"folder": {
			"name": "Extract and Load/REST API Pipelines"
		},
		"annotations": [],
		"lastPublishTime": "2023-06-25T08:42:57Z"
	},
	"type": "Microsoft.Synapse/workspaces/pipelines"
}