{
	"name": "L1Transform-Generic",
	"properties": {
		"description": "Generic pipeline to execute a single instance of L1 Transform",
		"activities": [
			{
				"name": "Update L1 Instance - Running",
				"type": "SqlServerStoredProcedure",
				"dependsOn": [
					{
						"activity": "Set PipelineRunID",
						"dependencyConditions": [
							"Succeeded"
						]
					}
				],
				"policy": {
					"timeout": "0.12:00:00",
					"retry": 0,
					"retryIntervalInSeconds": 30,
					"secureOutput": false,
					"secureInput": false
				},
				"userProperties": [],
				"typeProperties": {
					"storedProcedureName": "[ELT].[UpdateTransformInstance_L1]",
					"storedProcedureParameters": {
						"IngestCount": {
							"value": null,
							"type": "Int32"
						},
						"L1TransformADFPipelineRunID": {
							"value": {
								"value": "@variables('PipelineRunID')",
								"type": "Expression"
							},
							"type": "Guid"
						},
						"L1TransformCount": {
							"value": null,
							"type": "Int32"
						},
						"L1TransformInstanceId": {
							"value": {
								"value": "@pipeline().parameters.L1TransformInstanceID",
								"type": "Expression"
							},
							"type": "Int32"
						},
						"L1TransformStatus": {
							"value": "Running",
							"type": "String"
						},
						"MaxRetries": {
							"value": {
								"value": "@pipeline().parameters.MaxRetries",
								"type": "Expression"
							},
							"type": "Int32"
						}
					}
				},
				"linkedServiceName": {
					"referenceName": "ControlDB",
					"type": "LinkedServiceReference"
				}
			},
			{
				"name": "Set PipelineRunID",
				"type": "SetVariable",
				"dependsOn": [],
				"policy": {
					"secureOutput": false,
					"secureInput": false
				},
				"userProperties": [],
				"typeProperties": {
					"variableName": "PipelineRunID",
					"value": {
						"value": "@pipeline().RunId",
						"type": "Expression"
					}
				}
			},
			{
				"name": "L1 Transform",
				"type": "SynapseNotebook",
				"dependsOn": [
					{
						"activity": "Update L1 Instance - Running",
						"dependencyConditions": [
							"Succeeded"
						]
					}
				],
				"policy": {
					"timeout": "0.12:00:00",
					"retry": 0,
					"retryIntervalInSeconds": 30,
					"secureOutput": false,
					"secureInput": false
				},
				"userProperties": [],
				"typeProperties": {
					"notebook": {
						"referenceName": {
							"value": "@pipeline().parameters.NotebookName",
							"type": "Expression"
						},
						"type": "NotebookReference"
					},
					"parameters": {
						"L1TransformInstanceID": {
							"value": {
								"value": "@pipeline().parameters.L1TransformInstanceID",
								"type": "Expression"
							},
							"type": "int"
						},
						"L1TransformID ": {
							"value": {
								"value": "@pipeline().parameters.L1TransformID",
								"type": "Expression"
							},
							"type": "int"
						},
						"IngestID": {
							"value": {
								"value": "@pipeline().parameters.IngestID",
								"type": "Expression"
							},
							"type": "int"
						},
						"CustomParameters": {
							"value": {
								"value": "@pipeline().parameters.CustomParameters",
								"type": "Expression"
							},
							"type": "string"
						},
						"InputRawFileSystem": {
							"value": {
								"value": "@pipeline().parameters.InputRawFileSystem",
								"type": "Expression"
							},
							"type": "string"
						},
						"InputRawFileFolder": {
							"value": {
								"value": "@pipeline().parameters.InputRawFileFolder",
								"type": "Expression"
							},
							"type": "string"
						},
						"InputRawFile": {
							"value": {
								"value": "@pipeline().parameters.InputRawFile",
								"type": "Expression"
							},
							"type": "string"
						},
						"InputRawFileDelimiter": {
							"value": {
								"value": "@pipeline().parameters.InputRawFileDelimiter",
								"type": "Expression"
							},
							"type": "string"
						},
						"InputFileHeaderFlag": {
							"value": {
								"value": "@pipeline().parameters.InputFileHeaderFlag",
								"type": "Expression"
							},
							"type": "bool"
						},
						"OutputL1CurateFileSystem": {
							"value": {
								"value": "@pipeline().parameters.OutputL1CurateFileSystem",
								"type": "Expression"
							},
							"type": "string"
						},
						"OutputL1CuratedFolder": {
							"value": {
								"value": "@pipeline().parameters.OutputL1CuratedFolder",
								"type": "Expression"
							},
							"type": "string"
						},
						"OutputL1CuratedFile": {
							"value": {
								"value": "@pipeline().parameters.OutputL1CuratedFile",
								"type": "Expression"
							},
							"type": "string"
						},
						"OutputL1CuratedFileDelimiter": {
							"value": {
								"value": "@pipeline().parameters.OutputL1CuratedFileDelimiter",
								"type": "Expression"
							},
							"type": "string"
						},
						"OutputL1CuratedFileFormat": {
							"value": {
								"value": "@pipeline().parameters.OutputL1CuratedFileFormat",
								"type": "Expression"
							},
							"type": "string"
						},
						"OutputL1CuratedFileWriteMode": {
							"value": {
								"value": "@pipeline().parameters.OutputL1CuratedFileWriteMode",
								"type": "Expression"
							},
							"type": "string"
						},
						"OutputDWStagingTable": {
							"value": {
								"value": "@pipeline().parameters.OutputDWStagingTable",
								"type": "Expression"
							},
							"type": "string"
						},
						"LookupColumns": {
							"value": {
								"value": "@pipeline().parameters.LookupColumns",
								"type": "Expression"
							},
							"type": "string"
						},
						"OutputDWTable": {
							"value": {
								"value": "@pipeline().parameters.OutputDWTable",
								"type": "Expression"
							},
							"type": "string"
						},
						"OutputDWTableWriteMode": {
							"value": {
								"value": "@pipeline().parameters.OutputDWTableWriteMode",
								"type": "Expression"
							},
							"type": "string"
						},
						"ReRunL1TransformFlag": {
							"value": {
								"value": "@pipeline().parameters.ReRunL1TransformFlag",
								"type": "Expression"
							},
							"type": "bool"
						},
						"DeltaName": {
							"value": {
								"value": "@pipeline().parameters.DeltaName",
								"type": "Expression"
							},
							"type": "string"
						}
					},
					"snapshot": true,
					"sparkPool": {
						"referenceName": {
							"value": "@pipeline().parameters.SparkPool",
							"type": "Expression"
						},
						"type": "BigDataPoolReference"
					},
					"conf": {
						"spark.dynamicAllocation.enabled": false
					}
				}
			},
			{
				"name": "Update L1 Instance - Success",
				"type": "SqlServerStoredProcedure",
				"dependsOn": [
					{
						"activity": "L1 Transform",
						"dependencyConditions": [
							"Succeeded"
						]
					}
				],
				"policy": {
					"timeout": "0.12:00:00",
					"retry": 0,
					"retryIntervalInSeconds": 30,
					"secureOutput": false,
					"secureInput": false
				},
				"userProperties": [],
				"typeProperties": {
					"storedProcedureName": "[ELT].[UpdateTransformInstance_L1]",
					"storedProcedureParameters": {
						"IngestCount": {
							"value": {
								"value": "@json(activity('L1 Transform').output.status.Output.result.exitValue).IngestCount",
								"type": "Expression"
							},
							"type": "Int32"
						},
						"L1TransformADFPipelineRunID": {
							"value": {
								"value": "@variables('PipelineRunID')",
								"type": "Expression"
							},
							"type": "Guid"
						},
						"L1TransformCount": {
							"value": {
								"value": "@json(activity('L1 Transform').output.status.Output.result.exitValue).L1TransformCount",
								"type": "Expression"
							},
							"type": "Int32"
						},
						"L1TransformInstanceId": {
							"value": {
								"value": "@pipeline().parameters.L1TransformInstanceID",
								"type": "Expression"
							},
							"type": "Int32"
						},
						"L1TransformStatus": {
							"value": "Success",
							"type": "String"
						},
						"MaxRetries": {
							"value": {
								"value": "@pipeline().parameters.MaxRetries",
								"type": "Expression"
							},
							"type": "Int32"
						}
					}
				},
				"linkedServiceName": {
					"referenceName": "ControlDB",
					"type": "LinkedServiceReference"
				}
			},
			{
				"name": "Update L1 Instance - Failure",
				"type": "SqlServerStoredProcedure",
				"dependsOn": [
					{
						"activity": "L1 Transform",
						"dependencyConditions": [
							"Failed"
						]
					}
				],
				"policy": {
					"timeout": "0.12:00:00",
					"retry": 0,
					"retryIntervalInSeconds": 30,
					"secureOutput": false,
					"secureInput": false
				},
				"userProperties": [],
				"typeProperties": {
					"storedProcedureName": "[ELT].[UpdateTransformInstance_L1]",
					"storedProcedureParameters": {
						"IngestCount": {
							"value": null,
							"type": "Int32"
						},
						"L1TransformADFPipelineRunID": {
							"value": {
								"value": "@variables('PipelineRunID')",
								"type": "Expression"
							},
							"type": "Guid"
						},
						"L1TransformCount": {
							"value": null,
							"type": "Int32"
						},
						"L1TransformInstanceId": {
							"value": {
								"value": "@pipeline().parameters.L1TransformInstanceID",
								"type": "Expression"
							},
							"type": "Int32"
						},
						"L1TransformStatus": {
							"value": "Failure",
							"type": "String"
						},
						"MaxRetries": {
							"value": {
								"value": "@pipeline().parameters.MaxRetries",
								"type": "Expression"
							},
							"type": "Int32"
						}
					}
				},
				"linkedServiceName": {
					"referenceName": "ControlDB",
					"type": "LinkedServiceReference"
				}
			},
			{
				"name": "Get L2 Transform Definition",
				"type": "Lookup",
				"dependsOn": [
					{
						"activity": "Update L1 Instance - Success",
						"dependencyConditions": [
							"Succeeded"
						]
					}
				],
				"policy": {
					"timeout": "0.12:00:00",
					"retry": 0,
					"retryIntervalInSeconds": 30,
					"secureOutput": false,
					"secureInput": false
				},
				"userProperties": [],
				"typeProperties": {
					"source": {
						"type": "AzureSqlSource",
						"sqlReaderStoredProcedureName": "[ELT].[GetTransformDefinition_L2]",
						"storedProcedureParameters": {
							"DeltaDate": {
								"type": "DateTime",
								"value": null
							},
							"IngestID": {
								"type": "Int32",
								"value": {
									"value": "@pipeline().parameters.IngestID",
									"type": "Expression"
								}
							},
							"InputType": {
								"type": "String",
								"value": null
							}
						},
						"queryTimeout": "02:00:00",
						"partitionOption": "None"
					},
					"dataset": {
						"referenceName": "ControlDB_Dataset",
						"type": "DatasetReference",
						"parameters": {
							"Table": "Not Applicable",
							"Schema": "Not Applicable"
						}
					},
					"firstRowOnly": false
				}
			},
			{
				"name": "ForEach L2 Definition",
				"type": "ForEach",
				"dependsOn": [
					{
						"activity": "Get L2 Transform Definition",
						"dependencyConditions": [
							"Succeeded"
						]
					}
				],
				"userProperties": [],
				"typeProperties": {
					"items": {
						"value": "@activity('Get L2 Transform Definition').output.value",
						"type": "Expression"
					},
					"isSequential": true,
					"activities": [
						{
							"name": "Insert TransformInstance L2",
							"type": "SqlServerStoredProcedure",
							"dependsOn": [],
							"policy": {
								"timeout": "0.12:00:00",
								"retry": 0,
								"retryIntervalInSeconds": 30,
								"secureOutput": false,
								"secureInput": false
							},
							"userProperties": [],
							"typeProperties": {
								"storedProcedureName": "[ELT].[InsertTransformInstance_L2]",
								"storedProcedureParameters": {
									"CustomParameters": {
										"value": {
											"value": "@item().CustomParameters",
											"type": "Expression"
										},
										"type": "String"
									},
									"DataFromNumber": {
										"value": {
											"value": "@item().DataFromNumber",
											"type": "Expression"
										},
										"type": "Int32"
									},
									"DataFromTimestamp": {
										"value": {
											"value": "@item().DataFromTimestamp",
											"type": "Expression"
										},
										"type": "DateTime"
									},
									"DataToNumber": {
										"value": {
											"value": "@item().DataToNumber",
											"type": "Expression"
										},
										"type": "Int32"
									},
									"DataToTimestamp": {
										"value": {
											"value": "@item().DataToTimestamp",
											"type": "Expression"
										},
										"type": "DateTime"
									},
									"DeltaName": {
										"value": {
											"value": "@item().DeltaName",
											"type": "Expression"
										},
										"type": "String"
									},
									"IngestADFPipelineRunID": {
										"value": {
											"value": "@item().IngestADFPipelineRunID",
											"type": "Expression"
										},
										"type": "Guid"
									},
									"IngestID": {
										"value": {
											"value": "@item().IngestID",
											"type": "Expression"
										},
										"type": "Int32"
									},
									"InputDWTable": {
										"value": {
											"value": "@item().InputDWTable",
											"type": "Expression"
										},
										"type": "String"
									},
									"InputFile": {
										"value": {
											"value": "@item().InputFile",
											"type": "Expression"
										},
										"type": "String"
									},
									"InputFileDelimiter": {
										"value": {
											"value": "@item().InputFileDelimiter",
											"type": "Expression"
										},
										"type": "String"
									},
									"InputFileFolder": {
										"value": {
											"value": "@item().InputFileFolder",
											"type": "Expression"
										},
										"type": "String"
									},
									"InputFileHeaderFlag": {
										"value": {
											"value": "@item().InputFileHeaderFlag",
											"type": "Expression"
										},
										"type": "Boolean"
									},
									"InputFileSystem": {
										"value": {
											"value": "@item().InputFileSystem",
											"type": "Expression"
										},
										"type": "String"
									},
									"L1TransformADFPipelineRunID": {
										"value": {
											"value": "@item().L1TransformADFPipelineRunID",
											"type": "Expression"
										},
										"type": "Guid"
									},
									"L1TransformID": {
										"value": {
											"value": "@item().L1TransformID",
											"type": "Expression"
										},
										"type": "Int32"
									},
									"L2TransformID": {
										"value": {
											"value": "@item().L2TransformID",
											"type": "Expression"
										},
										"type": "Int32"
									},
									"LastDeltaDate": {
										"value": {
											"value": "@item().LastDeltaDate",
											"type": "Expression"
										},
										"type": "DateTime"
									},
									"LastDeltaNumber": {
										"value": {
											"value": "@item().LastDeltaNumber",
											"type": "Expression"
										},
										"type": "Int32"
									},
									"LookupColumns": {
										"value": {
											"value": "@item().LookupColumns",
											"type": "Expression"
										},
										"type": "String"
									},
									"MaxRetries": {
										"value": {
											"value": "@item().MaxRetries",
											"type": "Expression"
										},
										"type": "Int32"
									},
									"NotebookName": {
										"value": {
											"value": "@item().NotebookName",
											"type": "Expression"
										},
										"type": "String"
									},
									"NotebookPath": {
										"value": {
											"value": "@item().NotebookPath",
											"type": "Expression"
										},
										"type": "String"
									},
									"OutputDWStagingTable": {
										"value": {
											"value": "@item().OutputDWStagingTable",
											"type": "Expression"
										},
										"type": "String"
									},
									"OutputDWTable": {
										"value": {
											"value": "@item().OutputDWTable",
											"type": "Expression"
										},
										"type": "String"
									},
									"OutputDWTableWriteMode": {
										"value": {
											"value": "@item().OutputDWTableWriteMode",
											"type": "Expression"
										},
										"type": "String"
									},
									"OutputL2CuratedFile": {
										"value": {
											"value": "@item().OutputL2CuratedFile",
											"type": "Expression"
										},
										"type": "String"
									},
									"OutputL2CuratedFileDelimiter": {
										"value": {
											"value": "@item().OutputL2CuratedFileDelimiter",
											"type": "Expression"
										},
										"type": "String"
									},
									"OutputL2CuratedFileFormat": {
										"value": {
											"value": "@item().OutputL2CuratedFileFormat",
											"type": "Expression"
										},
										"type": "String"
									},
									"OutputL2CuratedFileWriteMode": {
										"value": {
											"value": "@item().OutputL2CuratedFileWriteMode",
											"type": "Expression"
										},
										"type": "String"
									},
									"OutputL2CuratedFolder": {
										"value": {
											"value": "@item().OutputL2CuratedFolder",
											"type": "Expression"
										},
										"type": "String"
									},
									"OutputL2CurateFileSystem": {
										"value": {
											"value": "@item().OutputL2CurateFileSystem",
											"type": "Expression"
										},
										"type": "String"
									}
								}
							},
							"linkedServiceName": {
								"referenceName": "ControlDB",
								"type": "LinkedServiceReference"
							}
						}
					]
				}
			}
		],
		"parameters": {
			"L1TransformInstanceID": {
				"type": "int",
				"defaultValue": 6
			},
			"L1TransformID": {
				"type": "int",
				"defaultValue": 8
			},
			"IngestID": {
				"type": "int",
				"defaultValue": 5
			},
			"NotebookName": {
				"type": "string",
				"defaultValue": "L1Transform-SEC-Form10Q"
			},
			"NotebookPath": {
				"type": "string",
				"defaultValue": "L1Transform"
			},
			"CustomParameters": {
				"type": "string"
			},
			"InputRawFileSystem": {
				"type": "string",
				"defaultValue": "raw-bronze"
			},
			"InputRawFileFolder": {
				"type": "string",
				"defaultValue": "sec-form10q/2023/04"
			},
			"InputRawFile": {
				"type": "string",
				"defaultValue": "2023-04-15_204450_sec-form10q.json"
			},
			"InputRawFileDelimiter": {
				"type": "string"
			},
			"InputFileHeaderFlag": {
				"type": "bool",
				"defaultValue": false
			},
			"OutputL1CurateFileSystem": {
				"type": "string",
				"defaultValue": "curated-silver"
			},
			"OutputL1CuratedFolder": {
				"type": "string",
				"defaultValue": "sec-form10q/2023/04"
			},
			"OutputL1CuratedFile": {
				"type": "string",
				"defaultValue": "standardized_2023-04-15_204525_sec-form10q.json"
			},
			"OutputL1CuratedFileDelimiter": {
				"type": "string"
			},
			"OutputL1CuratedFileFormat": {
				"type": "string",
				"defaultValue": "json"
			},
			"OutputL1CuratedFileWriteMode": {
				"type": "string",
				"defaultValue": "overwrite"
			},
			"OutputDWStagingTable": {
				"type": "string"
			},
			"LookupColumns": {
				"type": "string"
			},
			"OutputDWTable": {
				"type": "string"
			},
			"OutputDWTableWriteMode": {
				"type": "string"
			},
			"ReRunL1TransformFlag": {
				"type": "bool",
				"defaultValue": false
			},
			"MaxRetries": {
				"type": "int",
				"defaultValue": 3
			},
			"DeltaName": {
				"type": "string"
			},
			"SparkPool": {
				"type": "string",
				"defaultValue": "SmallMO"
			}
		},
		"variables": {
			"PipelineRunID": {
				"type": "String"
			}
		},
		"folder": {
			"name": "Transform/L1 Transform Pipelines"
		},
		"annotations": [],
		"lastPublishTime": "2023-06-25T08:42:27Z"
	},
	"type": "Microsoft.Synapse/workspaces/pipelines"
}