{
	"name": "SQLPool-Pause-Resume-Scale",
	"properties": {
		"activities": [
			{
				"name": "Call SQL Pool Logic App",
				"type": "WebActivity",
				"dependsOn": [
					{
						"activity": "Set Logic App Parameters",
						"dependencyConditions": [
							"Succeeded"
						]
					}
				],
				"policy": {
					"timeout": "7.00:00:00",
					"retry": 0,
					"retryIntervalInSeconds": 30,
					"secureOutput": false,
					"secureInput": false
				},
				"userProperties": [],
				"typeProperties": {
					"url": {
						"value": "@pipeline().parameters.logicapp_endpoint",
						"type": "Expression"
					},
					"connectVia": {
						"referenceName": "AutoResolveIntegrationRuntime",
						"type": "IntegrationRuntimeReference"
					},
					"method": "POST",
					"body": {
						"value": "@json(variables('parameters'))",
						"type": "Expression"
					}
				}
			},
			{
				"name": "Set Logic App Parameters",
				"type": "SetVariable",
				"dependsOn": [],
				"policy": {
					"secureOutput": false,
					"secureInput": false
				},
				"userProperties": [],
				"typeProperties": {
					"variableName": "parameters",
					"value": {
						"value": "{\n\"action\": \"@{pipeline().parameters.action}\",\n\"sku\": \"@{pipeline().parameters.sku}\",\n\"subscriptionId\": \"@{pipeline().parameters.subscriptionId}\",\n\"resourceGroupName\": \"@{pipeline().parameters.resourceGroupName}\",\n\"workspaceName\": \"@{pipeline().parameters.workspaceName}\",\n\"sqlPoolName\": \"@{pipeline().parameters.sqlPoolName}\",\n\"apiVersion\": \"@{pipeline().parameters.apiVersion}\"\n}",
						"type": "Expression"
					}
				}
			}
		],
		"parameters": {
			"logicapp_endpoint": {
				"type": "string"
			},
			"subscriptionId": {
				"type": "string"
			},
			"resourceGroupName": {
				"type": "string"
			},
			"workspaceName": {
				"type": "string"
			},
			"sqlPoolName": {
				"type": "string"
			},
			"apiVersion": {
				"type": "string",
				"defaultValue": "2021-03-01"
			},
			"action": {
				"type": "string",
				"defaultValue": "pause"
			},
			"sku": {
				"type": "string",
				"defaultValue": "DW100c"
			}
		},
		"variables": {
			"parameters": {
				"type": "String"
			}
		},
		"folder": {
			"name": "Manage-SQLPool"
		},
		"annotations": [],
		"lastPublishTime": "2023-06-25T08:39:24Z"
	},
	"type": "Microsoft.Synapse/workspaces/pipelines"
}