{
	"name": "AAD-functions",
	"properties": {
		"description": "Reusable functions for Azure Active Directory",
		"folder": {
			"name": "common"
		},
		"nbformat": 4,
		"nbformat_minor": 2,
		"bigDataPool": {
			"referenceName": "mediumMO",
			"type": "BigDataPoolReference"
		},
		"sessionProperties": {
			"driverMemory": "56g",
			"driverCores": 8,
			"executorMemory": "56g",
			"executorCores": 8,
			"numExecutors": 2,
			"runAsWorkspaceSystemIdentity": false,
			"conf": {
				"spark.dynamicAllocation.enabled": "false",
				"spark.dynamicAllocation.minExecutors": "2",
				"spark.dynamicAllocation.maxExecutors": "2",
				"spark.autotune.trackingId": "c72386c5-d047-4d00-9057-f394c04ab46a"
			}
		},
		"metadata": {
			"saveOutput": true,
			"enableDebugMode": false,
			"kernelspec": {
				"name": "synapse_pyspark",
				"display_name": "Synapse PySpark"
			},
			"language_info": {
				"name": "python"
			},
			"a365ComputeOptions": {
				"id": "/subscriptions/e836675f-2508-4873-ad4f-754d70253b22/resourceGroups/rg-synapse-dataplatform/providers/Microsoft.Synapse/workspaces/ba-synapse01-kn3acb6lw3vr4/bigDataPools/mediumMO",
				"name": "mediumMO",
				"type": "Spark",
				"endpoint": "https://ba-synapse01-kn3acb6lw3vr4.dev.azuresynapse.net/livyApi/versions/2019-11-01-preview/sparkPools/mediumMO",
				"auth": {
					"type": "AAD",
					"authResource": "https://dev.azuresynapse.net",
					"authHeader": null
				},
				"sparkVersion": "3.2",
				"nodeCount": 3,
				"cores": 8,
				"memory": 56,
				"extraHeader": null
			},
			"sessionKeepAliveTimeout": 30
		},
		"cells": [
			{
				"cell_type": "markdown",
				"metadata": {
					"nteract": {
						"transient": {
							"deleting": false
						}
					}
				},
				"source": [
					"# Re-usable functions for Azure Active Directory"
				]
			},
			{
				"cell_type": "code",
				"metadata": {
					"jupyter": {
						"source_hidden": false,
						"outputs_hidden": false
					},
					"nteract": {
						"transient": {
							"deleting": false
						}
					}
				},
				"source": [
					"%run /common/keyvault-functions {\"kvLinkedService\": \"keyvault01\"}"
				],
				"execution_count": 5
			},
			{
				"cell_type": "code",
				"metadata": {
					"jupyter": {
						"source_hidden": false,
						"outputs_hidden": false
					},
					"nteract": {
						"transient": {
							"deleting": false
						}
					},
					"tags": [
						"parameters"
					]
				},
				"source": [
					"tenandIdSecret = \"<Azure Key Vault Secret for TenantID>\"\r\n",
					"servicePrincipalIdSecret = \"<Azure Key Vault Secret for Service Principal ID>\"\r\n",
					"servicePrincipalSecret = \"<Azure Key Vault Secret for Service Principal secret>\"\r\n",
					"authUrl = \"https://login.windows.net\"\r\n",
					"resourceUrl = \"https://database.windows.net/\""
				],
				"execution_count": 6
			},
			{
				"cell_type": "code",
				"metadata": {
					"jupyter": {
						"source_hidden": false,
						"outputs_hidden": false
					},
					"nteract": {
						"transient": {
							"deleting": false
						}
					}
				},
				"source": [
					"import adal\r\n",
					"\r\n",
					""
				],
				"execution_count": 7
			},
			{
				"cell_type": "markdown",
				"metadata": {
					"nteract": {
						"transient": {
							"deleting": false
						}
					}
				},
				"source": [
					"# getBearerToken()"
				]
			},
			{
				"cell_type": "code",
				"metadata": {
					"jupyter": {
						"source_hidden": false,
						"outputs_hidden": false
					},
					"nteract": {
						"transient": {
							"deleting": false
						}
					}
				},
				"source": [
					"def getBearerToken():\r\n",
					"    ############################################################################\r\n",
					"    # getBearerToken\r\n",
					"    # Returns a bearer token for a service principal AAD authentication\r\n",
					"    #\r\n",
					"    # Parameters:\r\n",
					"    #       None\r\n",
					"    #\r\n",
					"    # Returns:\r\n",
					"    #     Bearer Token  \r\n",
					"    ############################################################################\r\n",
					"\r\n",
					"    tenantId = getSecret(tenandIdSecret)\r\n",
					"    servicePrincipalId = getSecret(servicePrincipalIdSecret)\r\n",
					"    secret = getSecret(servicePrincipalSecret)\r\n",
					"\r\n",
					"    assert tenantId is not None, \"tenantId not specified\"\r\n",
					"    assert servicePrincipalId is not None, \"servicePrincipalId not specified\"\r\n",
					"    assert secret is not None, \"secret not specified\"\r\n",
					"    assert authUrl is not None, \"authUrl not specified\"\r\n",
					"    assert resourceUrl is not None, \"resourceUrl not specified\"\r\n",
					"\r\n",
					"    authority = authUrl + \"/\" + tenantId\r\n",
					"    try:\r\n",
					"        context = adal.AuthenticationContext(authority)\r\n",
					"        token = context.acquire_token_with_client_credentials(resourceUrl, servicePrincipalId, secret)\r\n",
					"        accessToken = token[\"accessToken\"]\r\n",
					"    except Exception as e:\r\n",
					"        print(\"getBearerToken failed with exception:\")\r\n",
					"        raise e\r\n",
					"    return accessToken"
				],
				"execution_count": 9
			},
			{
				"cell_type": "code",
				"metadata": {
					"jupyter": {
						"source_hidden": false,
						"outputs_hidden": false
					},
					"nteract": {
						"transient": {
							"deleting": false
						}
					}
				},
				"source": [
					""
				]
			}
		]
	}
}