{
	"name": "dedicatedSQLPool-functions",
	"properties": {
		"folder": {
			"name": "common"
		},
		"nbformat": 4,
		"nbformat_minor": 2,
		"bigDataPool": {
			"referenceName": "mediumMO",
			"type": "BigDataPoolReference"
		},
		"sessionProperties": {
			"driverMemory": "56g",
			"driverCores": 8,
			"executorMemory": "56g",
			"executorCores": 8,
			"numExecutors": 2,
			"runAsWorkspaceSystemIdentity": false,
			"conf": {
				"spark.dynamicAllocation.enabled": "false",
				"spark.dynamicAllocation.minExecutors": "2",
				"spark.dynamicAllocation.maxExecutors": "2",
				"spark.autotune.trackingId": "2d8592bf-1fbf-423c-b16b-d81885d85777"
			}
		},
		"metadata": {
			"saveOutput": true,
			"enableDebugMode": false,
			"kernelspec": {
				"name": "synapse_pyspark",
				"display_name": "Synapse PySpark"
			},
			"language_info": {
				"name": "python"
			},
			"a365ComputeOptions": {
				"id": "/subscriptions/e836675f-2508-4873-ad4f-754d70253b22/resourceGroups/rg-synapse-dataplatform/providers/Microsoft.Synapse/workspaces/ba-synapse01-kn3acb6lw3vr4/bigDataPools/mediumMO",
				"name": "mediumMO",
				"type": "Spark",
				"endpoint": "https://ba-synapse01-kn3acb6lw3vr4.dev.azuresynapse.net/livyApi/versions/2019-11-01-preview/sparkPools/mediumMO",
				"auth": {
					"type": "AAD",
					"authResource": "https://dev.azuresynapse.net",
					"authHeader": null
				},
				"sparkVersion": "3.2",
				"nodeCount": 3,
				"cores": 8,
				"memory": 56,
				"extraHeader": null
			},
			"sessionKeepAliveTimeout": 30
		},
		"cells": [
			{
				"cell_type": "markdown",
				"metadata": {
					"nteract": {
						"transient": {
							"deleting": false
						}
					}
				},
				"source": [
					"# Re-usable functions for Azure Synapse SQL Dedicated Pool"
				]
			},
			{
				"cell_type": "code",
				"metadata": {
					"jupyter": {
						"source_hidden": false,
						"outputs_hidden": false
					},
					"nteract": {
						"transient": {
							"deleting": false
						}
					}
				},
				"source": [
					"%run /common/keyvault-functions {\"kvLinkedService\": \"keyvault01\"}"
				],
				"execution_count": 5
			},
			{
				"cell_type": "code",
				"metadata": {
					"jupyter": {
						"source_hidden": false,
						"outputs_hidden": false
					},
					"nteract": {
						"transient": {
							"deleting": false
						}
					},
					"tags": [
						"parameters"
					]
				},
				"source": [
					"server=\"<SynapseWorkspaceName>.sql.azuresynapse.net,1433\"\r\n",
					"database = \"<DedicatedSQLPool>\""
				],
				"execution_count": 44
			},
			{
				"cell_type": "code",
				"metadata": {
					"jupyter": {
						"source_hidden": false,
						"outputs_hidden": false
					},
					"nteract": {
						"transient": {
							"deleting": false
						}
					}
				},
				"source": [
					"import com.microsoft.spark.sqlanalytics\r\n",
					"from com.microsoft.spark.sqlanalytics.Constants import Constants\r\n",
					"import sys"
				],
				"execution_count": 45
			},
			{
				"cell_type": "markdown",
				"metadata": {
					"nteract": {
						"transient": {
							"deleting": false
						}
					}
				},
				"source": [
					"## readSdpTable()"
				]
			},
			{
				"cell_type": "code",
				"metadata": {
					"jupyter": {
						"source_hidden": false,
						"outputs_hidden": false
					},
					"nteract": {
						"transient": {
							"deleting": false
						}
					}
				},
				"source": [
					"def readSdpTable(schema,table,colList=None,filterCondition=None,limitRows=None):\r\n",
					"  # ##########################################################################################################################  \r\n",
					"  # Function: readSdpTable\r\n",
					"  # Reads records from the Azure Synapse Dedicated Pool table/view and returns as dataframe\r\n",
					"  # \r\n",
					"  # Parameters:\r\n",
					"  #     schema          = Schema name of the Azure Synapse Dedicated Pool table.\r\n",
					"  #     table           = Table Name.\r\n",
					"  #     colList         = (Optional) List of columns to be returned in the dataframe. \r\n",
					"  #                       E.g [\"col1\",\"col2\",\"col3\"].\r\n",
					"  #                       Returns all columns if none provided.\r\n",
					"  #     filterCondition = (Optional) Expression to filter the dataframe as push-down filter to database. \r\n",
					"  #                       E.g col(\"Title\").contains(\"E\").\r\n",
					"  #                       Returns all rows when not provided.\r\n",
					"  #     limitRows       = (Optional) Integer to fetch N records from the table.\r\n",
					"  #                       Returns all rows when none provided.\r\n",
					"  #\r\n",
					"  # Returns:\r\n",
					"  #     Dataframe containing the relevant rows and columns of an Azure Synapse Dedicated Pool table/view\r\n",
					"  # ##########################################################################################################################  \r\n",
					"    assert server is not None, \"Server not specified\"\r\n",
					"    assert database is not None, \"Database not specified\"\r\n",
					"    assert schema is not None, \"Schema not specified\"\r\n",
					"    assert table is not None, \"Table not specified\"\r\n",
					"\r\n",
					"    tableName = database + \".\" + schema+ \".\" + table\r\n",
					"   \r\n",
					"    try:\r\n",
					"        if server is not None and database is not None and schema is not None and table is not None:\r\n",
					"            df = (spark.read\r\n",
					"                        .option(Constants.SERVER,server)\r\n",
					"                        .synapsesql(tableName)\r\n",
					"                )\r\n",
					"\r\n",
					"        if colList is not None:\r\n",
					"            df = df.select(colList)\r\n",
					"        \r\n",
					"        if filterCondition is not None:\r\n",
					"            df = df.filter(filterCondition)\r\n",
					"\r\n",
					"        if limitRows is not None:\r\n",
					"            df = df.limit(limitRows)\r\n",
					"    except Exception as e:\r\n",
					"        print(\"Read from {}.{} failed with exception:\".format(schema,table))   \r\n",
					"        raise e\r\n",
					"    return df"
				],
				"execution_count": 47
			},
			{
				"cell_type": "markdown",
				"metadata": {
					"nteract": {
						"transient": {
							"deleting": false
						}
					}
				},
				"source": [
					"## insertSdpTable()"
				]
			},
			{
				"cell_type": "code",
				"metadata": {
					"jupyter": {
						"source_hidden": false,
						"outputs_hidden": false
					},
					"nteract": {
						"transient": {
							"deleting": false
						}
					}
				},
				"source": [
					"def insertSdpTable(df, schema,table, mode):\r\n",
					"  # ##########################################################################################################################  \r\n",
					"  # Function: insertSdpTable\r\n",
					"  # Writes a dataframe to an Azure Synapse Dedicated Pool table\r\n",
					"  # \r\n",
					"  # Parameters:\r\n",
					"  #     df              = Dataframe to be written to Azure Synapse Dedicated Pool table.\r\n",
					"  #     schema          = Schema name of the Azure Synapse Dedicated Pool table.\r\n",
					"  #     table           = Table Name.\r\n",
					"  #     mode            = Write mode to table. \r\n",
					"  #                       Options for write modes are \"error\" or \"errorifexists\" (default), \"overwrite\", \"append\", \"ignore\".\r\n",
					"  #\r\n",
					"  # Returns:\r\n",
					"  #     None\r\n",
					"  # ##########################################################################################################################  \r\n",
					"    assert server is not None, \"Server not specified\"\r\n",
					"    assert database is not None, \"Database not specified\"\r\n",
					"    assert schema is not None, \"Schema not specified\"\r\n",
					"    assert table is not None, \"Table not specified\"\r\n",
					"    assert mode in [\"append\",\"overwrite\",\"error\",\"errorifexists\",\"ignore\"], \"Invalid mode specified. Mode should be either append,overwrite,error,errorifexists or ignore\"\r\n",
					"\r\n",
					"    tableName = database + \".\" + schema+ \".\" + table\r\n",
					"    try:\r\n",
					"      (df.write\r\n",
					"          .option(Constants.SERVER, server)\r\n",
					"          .mode(mode)\r\n",
					"          .synapsesql(tableName))\r\n",
					"    except Exception as e:\r\n",
					"      print(\"Insert to {}.{} failed with exception:\".format(schema,table))\r\n",
					"      raise e\r\n",
					"    return\r\n",
					""
				],
				"execution_count": 1
			}
		]
	}
}