{
	"name": "L1Transform-ReStatement",
	"properties": {
		"description": "Notebook to simplify the json generated by form recognizer",
		"folder": {
			"name": "L1Transform"
		},
		"nbformat": 4,
		"nbformat_minor": 2,
		"bigDataPool": {
			"referenceName": "mediumMO",
			"type": "BigDataPoolReference"
		},
		"sessionProperties": {
			"driverMemory": "56g",
			"driverCores": 8,
			"executorMemory": "56g",
			"executorCores": 8,
			"numExecutors": 2,
			"runAsWorkspaceSystemIdentity": true,
			"conf": {
				"spark.dynamicAllocation.enabled": "false",
				"spark.dynamicAllocation.minExecutors": "2",
				"spark.dynamicAllocation.maxExecutors": "2",
				"spark.autotune.trackingId": "c9aa0e07-a944-4bd3-afe9-eddb7d50ac90"
			}
		},
		"metadata": {
			"saveOutput": true,
			"enableDebugMode": true,
			"kernelspec": {
				"name": "synapse_pyspark",
				"display_name": "Synapse PySpark"
			},
			"language_info": {
				"name": "python"
			},
			"a365ComputeOptions": {
				"id": "/subscriptions/e836675f-2508-4873-ad4f-754d70253b22/resourceGroups/rg-synapse-dataplatform/providers/Microsoft.Synapse/workspaces/ba-synapse01-kn3acb6lw3vr4/bigDataPools/mediumMO",
				"name": "mediumMO",
				"type": "Spark",
				"endpoint": "https://ba-synapse01-kn3acb6lw3vr4.dev.azuresynapse.net/livyApi/versions/2019-11-01-preview/sparkPools/mediumMO",
				"auth": {
					"type": "AAD",
					"authResource": "https://dev.azuresynapse.net",
					"authHeader": null
				},
				"sparkVersion": "3.2",
				"nodeCount": 3,
				"cores": 8,
				"memory": 56,
				"extraHeader": null
			},
			"sessionKeepAliveTimeout": 30
		},
		"cells": [
			{
				"cell_type": "code",
				"source": [
					"%run /common/datalake-functions {\"storageAccount\": \"badatalake01kn3acb6lw3vr\" }"
				],
				"execution_count": 89
			},
			{
				"cell_type": "markdown",
				"metadata": {
					"nteract": {
						"transient": {
							"deleting": false
						}
					}
				},
				"source": [
					"# Notebook Parameters"
				]
			},
			{
				"cell_type": "code",
				"metadata": {
					"jupyter": {
						"source_hidden": false,
						"outputs_hidden": false
					},
					"nteract": {
						"transient": {
							"deleting": false
						}
					},
					"tags": [
						"parameters"
					]
				},
				"source": [
					"L1TransformInstanceID = None\r\n",
					"L1TransformID = None\r\n",
					"IngestID = None\r\n",
					"CustomParameters = None\r\n",
					"InputRawFileSystem = None\r\n",
					"InputRawFileFolder = None\r\n",
					"InputRawFile = None\r\n",
					"InputRawFileDelimiter = None\r\n",
					"InputFileHeaderFlag = None\r\n",
					"OutputL1CurateFileSystem = None\r\n",
					"OutputL1CuratedFolder = None\r\n",
					"OutputL1CuratedFile = None\r\n",
					"OutputL1CuratedFileDelimiter = None\r\n",
					"OutputL1CuratedFileFormat = None\r\n",
					"OutputL1CuratedFileWriteMode = None\r\n",
					"OutputDWStagingTable = None\r\n",
					"LookupColumns = None\r\n",
					"OutputDWTable = None\r\n",
					"OutputDWTableWriteMode = None\r\n",
					"ReRunL1TransformFlag = None\r\n",
					"DeltaName = None"
				],
				"execution_count": 90
			},
			{
				"cell_type": "code",
				"metadata": {
					"jupyter": {
						"source_hidden": false,
						"outputs_hidden": false
					},
					"nteract": {
						"transient": {
							"deleting": false
						}
					}
				},
				"source": [
					"# # Parameters for Testing only, should be commented off\r\n",
					"# L1TransformInstanceID = 1\r\n",
					"# L1TransformID = 4\r\n",
					"# IngestID = 4\r\n",
					"# CustomParameters = None\r\n",
					"# InputRawFileSystem = 'raw-bronze'\r\n",
					"# InputRawFileFolder = 're-statements/2023/04'\r\n",
					"# InputRawFile = '2023-04-05_194935_re-statement.json'\r\n",
					"# InputRawFileDelimiter = None\r\n",
					"# InputFileHeaderFlag = None\r\n",
					"# OutputL1CurateFileSystem = 'curated-silver'\r\n",
					"# OutputL1CuratedFolder = 're-statements/2023/04'\r\n",
					"# OutputL1CuratedFile = 'standardized_2023-04-05_194935_re-statement.json'\r\n",
					"# OutputL1CuratedFileDelimiter = None\r\n",
					"# OutputL1CuratedFileFormat = 'json'\r\n",
					"# OutputL1CuratedFileWriteMode = 'overwrite'\r\n",
					"# OutputDWStagingTable = None\r\n",
					"# LookupColumns = None\r\n",
					"# OutputDWTable = None\r\n",
					"# OutputDWTableWriteMode = None\r\n",
					"# ReRunL1TransformFlag = None\r\n",
					"# DeltaName = None"
				],
				"execution_count": 91
			},
			{
				"cell_type": "code",
				"metadata": {
					"jupyter": {
						"source_hidden": false,
						"outputs_hidden": false
					},
					"nteract": {
						"transient": {
							"deleting": false
						}
					},
					"collapsed": false
				},
				"source": [
					"import pyspark.sql.functions \r\n",
					"df = readFile(InputRawFileSystem, InputRawFileFolder +\"/\" + InputRawFile, None, None)\r\n",
					"ingestCount = df.count()\r\n",
					"\r\n",
					"# extract datapoints of interest and explode array\r\n",
					"\r\n",
					"# df.printSchema()\r\n",
					"df = df.select(col(\"fields.RE agency.valueString\").alias(\"re_agency\")\r\n",
					"            ,col(\"fields.owner.valueString\").alias(\"owner\")\r\n",
					"            ,col(\"fields.owner address.valueString\").alias(\"re_agency_address\")\r\n",
					"            ,col(\"fields.rental address.valueString\").alias(\"rental_address\")\r\n",
					"            ,col(\"fields.statement date.valueString\").alias(\"statement_date\")\r\n",
					"            ,col(\"fields.tenant.valueString\").alias(\"tenant\")\r\n",
					"            ,col(\"fields.total payment.valueString\").alias(\"total_payment\")\r\n",
					"            ,explode(col(\"fields.statement details.valueArray\")).alias(\"statement details\")\r\n",
					"            )\r\n",
					"\r\n",
					"df = df.select(\"re_agency\",\"owner\",\"re_agency_address\",\"rental_address\",\"statement_date\",\"tenant\",\"total_payment\"\r\n",
					"                ,col(\"statement details.valueObject.amount.valueString\").alias(\"item_amount\")\r\n",
					"                ,col(\"statement details.valueObject.item description.valueString\").alias(\"item_description\"))\r\n",
					"df.printSchema()\r\n",
					"\r\n",
					"#write flattened json to curated zone of data lake\r\n",
					"l1TransformCount = df.count()\r\n",
					"writeFile(df,OutputL1CurateFileSystem, OutputL1CuratedFolder + \"/\" + OutputL1CuratedFile)"
				],
				"execution_count": 93
			},
			{
				"cell_type": "markdown",
				"metadata": {
					"nteract": {
						"transient": {
							"deleting": false
						}
					}
				},
				"source": [
					"# Return Values   "
				]
			},
			{
				"cell_type": "code",
				"metadata": {
					"jupyter": {
						"source_hidden": false,
						"outputs_hidden": false
					},
					"nteract": {
						"transient": {
							"deleting": false
						}
					}
				},
				"source": [
					"import json\r\n",
					"mssparkutils.notebook.exit(json.dumps({\r\n",
					"  \"IngestCount\": ingestCount,\r\n",
					"  \"L1TransformCount\": l1TransformCount\r\n",
					"}))"
				]
			}
		]
	}
}