{
	"name": "linkedServiceFunctions",
	"properties": {
		"folder": {
			"name": "common"
		},
		"nbformat": 4,
		"nbformat_minor": 2,
		"sessionProperties": {
			"driverMemory": "28g",
			"driverCores": 4,
			"executorMemory": "28g",
			"executorCores": 4,
			"numExecutors": 2,
			"runAsWorkspaceSystemIdentity": false,
			"conf": {
				"spark.dynamicAllocation.enabled": "false",
				"spark.dynamicAllocation.minExecutors": "2",
				"spark.dynamicAllocation.maxExecutors": "2",
				"spark.autotune.trackingId": "5d7d3e8d-6233-487f-aac3-7e8cbd09c85a"
			}
		},
		"metadata": {
			"saveOutput": true,
			"enableDebugMode": true,
			"kernelspec": {
				"name": "synapse_pyspark",
				"display_name": "python"
			},
			"language_info": {
				"name": "python"
			},
			"sessionKeepAliveTimeout": 30
		},
		"cells": [
			{
				"cell_type": "code",
				"source": [
					"import json"
				]
			},
			{
				"cell_type": "code",
				"metadata": {
					"jupyter": {
						"source_hidden": false,
						"outputs_hidden": false
					},
					"nteract": {
						"transient": {
							"deleting": false
						}
					}
				},
				"source": [
					"def getSDPDatabaseName(sdpLinkedServiceName):\r\n",
					"    # ##########################################################################################################################  \r\n",
					"    # Function: getSDPDatabaseName\r\n",
					"    # \r\n",
					"    # Parameters:\r\n",
					"    # sdpLinkedServiceName = Linked service name for SQL Dedicated Pool\r\n",
					"    # \r\n",
					"    # Returns:\r\n",
					"    # The name of SQL Dedicated Pool Database Name\r\n",
					"    # ##########################################################################################################################     \r\n",
					"    linkedServiceProperties = mssparkutils.credentials.getPropertiesAll(sdpLinkedServiceName)\r\n",
					"    SDPDatabaseName = json.loads(linkedServiceProperties).get('Database')\r\n",
					"    SDPDatabaseName = SDPDatabaseName.replace('https://','')\r\n",
					"    return SDPDatabaseName"
				]
			},
			{
				"cell_type": "code",
				"metadata": {
					"jupyter": {
						"source_hidden": false,
						"outputs_hidden": false
					},
					"nteract": {
						"transient": {
							"deleting": false
						}
					}
				},
				"source": [
					"def getLinkedServiceEndpoint(linkedServiceName):\r\n",
					"    # ##########################################################################################################################  \r\n",
					"    # Function: getLinkedServiceEndpoint\r\n",
					"    # \r\n",
					"    # Parameters:\r\n",
					"    # linkedServiceName = Linked service name Storage Account\r\n",
					"    # \r\n",
					"    # Returns:\r\n",
					"    # The Endpoint of the Linked Service Properties\r\n",
					"    # ##########################################################################################################################     \r\n",
					"    linkedServiceProperties = mssparkutils.credentials.getPropertiesAll(linkedServiceName)\r\n",
					"    endpoint = json.loads(linkedServiceProperties).get('Endpoint')\r\n",
					"    endpoint = endpoint.replace('https://','')\r\n",
					"    return endpoint"
				]
			}
		]
	}
}