{
	"name": "upsertSdp-function",
	"properties": {
		"description": "Notebook that implements upsert function using PyOdbc",
		"folder": {
			"name": "common"
		},
		"nbformat": 4,
		"nbformat_minor": 2,
		"bigDataPool": {
			"referenceName": "mediumMO",
			"type": "BigDataPoolReference"
		},
		"sessionProperties": {
			"driverMemory": "56g",
			"driverCores": 8,
			"executorMemory": "56g",
			"executorCores": 8,
			"numExecutors": 2,
			"runAsWorkspaceSystemIdentity": false,
			"conf": {
				"spark.dynamicAllocation.enabled": "false",
				"spark.dynamicAllocation.minExecutors": "2",
				"spark.dynamicAllocation.maxExecutors": "2",
				"spark.autotune.trackingId": "4d0da095-6f43-4b89-bc9c-715d9d87edb2"
			}
		},
		"metadata": {
			"saveOutput": true,
			"enableDebugMode": true,
			"kernelspec": {
				"name": "synapse_pyspark",
				"display_name": "Synapse PySpark"
			},
			"language_info": {
				"name": "python"
			},
			"a365ComputeOptions": {
				"id": "/subscriptions/e836675f-2508-4873-ad4f-754d70253b22/resourceGroups/rg-synapse-dataplatform/providers/Microsoft.Synapse/workspaces/ba-synapse01-kn3acb6lw3vr4/bigDataPools/mediumMO",
				"name": "mediumMO",
				"type": "Spark",
				"endpoint": "https://ba-synapse01-kn3acb6lw3vr4.dev.azuresynapse.net/livyApi/versions/2019-11-01-preview/sparkPools/mediumMO",
				"auth": {
					"type": "AAD",
					"authResource": "https://dev.azuresynapse.net",
					"authHeader": null
				},
				"sparkVersion": "3.2",
				"nodeCount": 3,
				"cores": 8,
				"memory": 56,
				"extraHeader": null
			},
			"sessionKeepAliveTimeout": 30
		},
		"cells": [
			{
				"cell_type": "markdown",
				"metadata": {
					"nteract": {
						"transient": {
							"deleting": false
						}
					}
				},
				"source": [
					"# Re-usable Upsert function for Azure Synapse Analytics SQL Dedicated Pool"
				]
			},
			{
				"cell_type": "code",
				"metadata": {
					"jupyter": {
						"source_hidden": false,
						"outputs_hidden": false
					},
					"nteract": {
						"transient": {
							"deleting": false
						}
					},
					"tags": [
						"parameters"
					]
				},
				"source": [
					"server=\"<Azure Synapse DedicatedSQLPool>\"\r\n",
					"database = \"<Azure Synapse DedicatedSQLPool/Azure SQL>\"\r\n",
					"sqlUidSecret = \"Azure Key Vault Secret for DedicatedSQLPool user name\"\r\n",
					"sqlPwdSecret = \"Azure Key Vault Secret for DedicatedSQLPool password\""
				],
				"execution_count": 7
			},
			{
				"cell_type": "code",
				"source": [
					"%run /common/keyvault-functions {\"kvLinkedService\": \"keyvault01\"}"
				],
				"execution_count": 8
			},
			{
				"cell_type": "code",
				"metadata": {
					"jupyter": {
						"source_hidden": false,
						"outputs_hidden": false
					},
					"nteract": {
						"transient": {
							"deleting": false
						}
					}
				},
				"source": [
					"%run /common/dedicatedSQLPool-functions {\"server\": \"ba-synapse01-kn3acb6lw3vr4.sql.azuresynapse.net,1433\",\"database\" : \"dwh01\"}"
				],
				"execution_count": 9
			},
			{
				"cell_type": "code",
				"metadata": {
					"jupyter": {
						"source_hidden": false,
						"outputs_hidden": false
					},
					"nteract": {
						"transient": {
							"deleting": false
						}
					}
				},
				"source": [
					"import pyodbc"
				],
				"execution_count": 10
			},
			{
				"cell_type": "code",
				"metadata": {
					"jupyter": {
						"source_hidden": false,
						"outputs_hidden": false
					},
					"nteract": {
						"transient": {
							"deleting": false
						}
					}
				},
				"source": [
					"%run /common/dedicatedSQLPool-functions {\"server\": \"ba-synapse01-kn3acb6lw3vr4.sql.azuresynapse.net,1433\",\"database\" :\"dwh01\" }"
				],
				"execution_count": 11
			},
			{
				"cell_type": "markdown",
				"metadata": {
					"nteract": {
						"transient": {
							"deleting": false
						}
					}
				},
				"source": [
					"# upsertSdp()"
				]
			},
			{
				"cell_type": "code",
				"metadata": {
					"jupyter": {
						"source_hidden": false,
						"outputs_hidden": false
					},
					"nteract": {
						"transient": {
							"deleting": false
						}
					}
				},
				"source": [
					"def upsertSdp(df,SchemaStagingTable,StagingTable, SchemaTargetTable, TargetTable, KeyColumns, DeltaColumn=None) :\r\n",
					"# ##########################################################################################################################  \r\n",
					"# Function: upsertSdp\r\n",
					"# Performs a Merge/Upsert action on a Azure SQL table\r\n",
					"# \r\n",
					"# Parameters:\r\n",
					"# df = Input dataframe\r\n",
					"# StagingTable = Name of Table used to temporarily stage the input data frame\r\n",
					"# SchemaStagingTable = Database schema of staging table\r\n",
					"# SchemaTargetTable = Database schema of target table\r\n",
					"# TargetTable  = Name of Target Table\r\n",
					"# KeyColumns = List of columns that uniquely defines a record in input dataframe\r\n",
					"# DeltaColumn = Name of watermark column in input dataframe\r\n",
					"#\r\n",
					"# Returns:\r\n",
					"# None\r\n",
					"# ##########################################################################################################################  \r\n",
					"    insertSdpTable(df, SchemaStagingTable,StagingTable, \"overwrite\")\r\n",
					"\r\n",
					"    insertCols=\"\"\r\n",
					"    updateCols=\"\"\r\n",
					"    whereCols =\"\"\r\n",
					"    keyCols = \"\"\r\n",
					"\r\n",
					"    # MATCHED Clause of MERGE\r\n",
					"    for keyCol in KeyColumns:\r\n",
					"        keyCols = keyCols + \"source.\" + keyCol + \" = \" + \"target.\" + keyCol + \" and \"\r\n",
					"\r\n",
					"    whereClause = keyCols\r\n",
					"    #Tidy up where clause and remove last \"and\"\r\n",
					"    remove=\"and\"\r\n",
					"    reverse_remove=remove[::-1]\r\n",
					"    whereClause = whereClause[::-1].replace(reverse_remove,\"\",1)[::-1]\r\n",
					"\r\n",
					"    # INSERT and UPDATE part of MERGE\r\n",
					"    for col in df.schema.fieldNames():\r\n",
					"        insertCols = insertCols + col + \",\"\r\n",
					"        if col not in KeyColumns: # Exclude identity columns in update statement\r\n",
					"         updateCols =  updateCols + \"target.\" + col + \" = \" + \"source.\" + col + \",\"\r\n",
					"\r\n",
					"    #Tidy up insertCols and remove last \",\"\r\n",
					"    remove=\",\"\r\n",
					"    reverse_remove=remove[::-1]\r\n",
					"    insertCols = insertCols[::-1].replace(reverse_remove,\"\",1)[::-1]  \r\n",
					"\r\n",
					"    #Tidy up insertCols and remove last \",\"\r\n",
					"    remove=\",\"\r\n",
					"    reverse_remove=remove[::-1]\r\n",
					"    updateCols = updateCols[::-1].replace(reverse_remove,\"\",1)[::-1]   \r\n",
					"\r\n",
					"    # MERGE Statement in full\r\n",
					"    mergeSQL= \"MERGE INTO \" + SchemaTargetTable +\".\" + TargetTable + \" AS target\" +  \" USING \" + SchemaStagingTable + \".\" + StagingTable + \" AS source\" + \" ON \"\r\n",
					"    mergeSQL = mergeSQL + whereClause\r\n",
					"\r\n",
					"    # WHEN MATCHED\r\n",
					"    if DeltaColumn != None:\r\n",
					"        mergeSQL =  mergeSQL + \" WHEN MATCHED AND \" + \"source.\" + DeltaColumn + \" > \" + \"target.\" + DeltaColumn \r\n",
					"    else:\r\n",
					"        mergeSQL =  mergeSQL + \" WHEN MATCHED\"\r\n",
					"\r\n",
					"    mergeSQL = mergeSQL + \" THEN UPDATE SET \" + updateCols\r\n",
					"\r\n",
					"    # WHEN NOT MATCHED BY TARGET\r\n",
					"    mergeSQL = mergeSQL + \" WHEN NOT MATCHED BY TARGET \" # including BY TARGET clause for Synapse requires the table to be Hash Distributed\r\n",
					"    mergeSQL = mergeSQL + \" THEN INSERT \" +  \"(\"+ insertCols +\")\" + \" VALUES \" + \" ( \"+ insertCols +\" ) \"\r\n",
					"\r\n",
					"    mergeSQL = mergeSQL +\";\"\r\n",
					"    \r\n",
					"    #Execute Merge Statement using Pyodbc\r\n",
					"    uid = getSecret(sqlUidSecret)\r\n",
					"    pwd = getSecret(sqlPwdSecret)\r\n",
					" \r\n",
					"    try:\r\n",
					"        cnxn = pyodbc.connect(\"DRIVER={ODBC Driver 17 for SQL Server};SERVER=\" + server + \";DATABASE=\" + database + \";UID=\" + uid + \";PWD=\" + pwd )\r\n",
					"        cursor = cnxn.cursor()\r\n",
					"        cnxn.autocommit = True\r\n",
					"\r\n",
					"        cursor.execute(mergeSQL)\r\n",
					"    except Exception as e:\r\n",
					"        print(\"Upsert to {}.{} failed with exception:\".format(SchemaTargetTable,TargetTable))\r\n",
					"        raise e\r\n",
					"\r\n",
					"    print(\"Upsert statement executed successfully : {} \".format(mergeSQL))\r\n",
					"    return"
				],
				"execution_count": 12
			}
		]
	}
}