{
	"name": "Serverless - Query Parquet",
	"properties": {
		"content": {
			"query": "-- This is auto-generated code\nSELECT\n  top 100  *\nFROM\n    OPENROWSET(\n        BULK 'https://bastoragedatalake01.dfs.core.windows.net/raw-bronze/purview/operations/2022-07/*.parquet',\n        FORMAT = 'PARQUET'\n    ) AS [result]\n\n",
			"metadata": {
				"language": "sql"
			},
			"currentConnection": {
				"databaseName": "default",
				"poolName": "Built-in"
			},
			"resultLimit": 5000
		},
		"type": "SqlQuery"
	}
}