{
	"name": "ControlDB",
	"type": "Microsoft.Synapse/workspaces/linkedservices",
	"properties": {
		"description": "Linked service for ELT Framework database",
		"annotations": [],
		"type": "AzureSqlDatabase",
		"typeProperties": {
			"connectionString": "Integrated Security=False;Encrypt=True;Connection Timeout=30;Data Source=ba-sql01-kn3acb6lw3vr4.database.windows.net;Initial Catalog=ControlDB",
			"alwaysEncryptedSettings": {
				"alwaysEncryptedAkvAuthType": "ManagedIdentity"
			}
		},
		"connectVia": {
			"referenceName": "AutoResolveIntegrationRuntime",
			"type": "IntegrationRuntimeReference"
		}
	}
}