{
	"name": "Pause-ALL-Dedicated-SQLPools",
	"properties": {
		"annotations": [],
		"runtimeState": "Stopped",
		"pipelines": [
			{
				"pipelineReference": {
					"referenceName": "Manage-All-SQLPools",
					"type": "PipelineReference"
				},
				"parameters": {
					"resourceList_logicapp_endpoint": "https://prod-14.australiaeast.logic.azure.com:443/workflows/98c4e193092141f5a2cd40195a3daa8d/triggers/manual/paths/invoke?api-version=2016-10-01&sp=%2Ftriggers%2Fmanual%2Frun&sv=1.0&sig=Q7FnVqPC0bpPi6rTO4OkMV8DxWJx3uKAqyLrLyiqMvM",
					"subscriptionId": "e836675f-2508-4873-ad4f-754d70253b22",
					"resourceType": "Microsoft.Synapse/workspaces/sqlPools",
					"apiVersion": "2021-04-01",
					"action": "pause",
					"sku": "DW100c",
					"sqlPool_logicapp_endpoint": "https://prod-11.australiaeast.logic.azure.com:443/workflows/c0d126b3b92f432f8135708ebf1c1aea/triggers/manual/paths/invoke?api-version=2016-10-01&sp=%2Ftriggers%2Fmanual%2Frun&sv=1.0&sig=l9xj5wIjJ48UJp_RfzTg3TrrqSvUfQ9OVY9SX77Z30Q"
				}
			}
		],
		"type": "ScheduleTrigger",
		"typeProperties": {
			"recurrence": {
				"frequency": "Day",
				"interval": 1,
				"startTime": "2021-07-11T19:00:00",
				"timeZone": "AUS Eastern Standard Time",
				"schedule": {
					"minutes": [
						0
					],
					"hours": [
						19
					]
				}
			}
		}
	}
}