{
	"name": "Purview Daily",
	"properties": {
		"description": "Daily trigger to refresh Purview data",
		"annotations": [],
		"runtimeState": "Stopped",
		"pipelines": [
			{
				"pipelineReference": {
					"referenceName": "Master ELT REST API",
					"type": "PipelineReference"
				},
				"parameters": {
					"SourceSystemName": "Purview",
					"StreamName": "%",
					"MaxIngestInstance": "50",
					"BaseURL": "https://ba-purview01-6spfx5oytiivq.purview.azure.com",
					"ServicePrincipalID": "5e07b142-92b4-4671-83c0-e824bc93da6c",
					"TenantID": "45a126ff-7fc0-4528-ac6b-eefad687db2d",
					"AADResource": "https://purview.azure.net"
				}
			}
		],
		"type": "ScheduleTrigger",
		"typeProperties": {
			"recurrence": {
				"frequency": "Day",
				"interval": 1,
				"startTime": "2022-06-30T00:00:00",
				"timeZone": "AUS Eastern Standard Time",
				"schedule": {
					"minutes": [
						0
					],
					"hours": [
						5
					]
				}
			}
		}
	}
}