{
	"name": "Real Estate Statement Event",
	"properties": {
		"description": "Event grid trigger for real estate statements processed by Form Recognizer custom model ",
		"annotations": [],
		"runtimeState": "Stopped",
		"pipelines": [
			{
				"pipelineReference": {
					"referenceName": "Ingest_AIML_CustomInferenceFile",
					"type": "PipelineReference"
				},
				"parameters": {
					"SourceFileDropFileSystem": "inference",
					"SourceFileDropFolder": "@triggerBody().folderPath",
					"SourceFileDropFile": "@triggerBody().fileName",
					"SourceSystemName": "AIML-OCR",
					"StreamName": "analyze",
					"SparkPool": "smallMO"
				}
			}
		],
		"type": "BlobEventsTrigger",
		"typeProperties": {
			"blobPathBeginsWith": "/inference/blobs/formrecognizer-re-json/",
			"blobPathEndsWith": ".json",
			"ignoreEmptyBlobs": true,
			"scope": "/subscriptions/e836675f-2508-4873-ad4f-754d70253b22/resourceGroups/rg-aiml/providers/Microsoft.Storage/storageAccounts/bacustmodelstorage01q575",
			"events": [
				"Microsoft.Storage.BlobCreated"
			]
		}
	}
}