{
	"name": "ControlDB_Dataset",
	"properties": {
		"linkedServiceName": {
			"referenceName": "ControlDB",
			"type": "LinkedServiceReference"
		},
		"parameters": {
			"Table": {
				"type": "string"
			},
			"Schema": {
				"type": "string"
			}
		},
		"folder": {
			"name": "Azure/Datalake"
		},
		"annotations": [],
		"type": "AzureSqlTable",
		"schema": [],
		"typeProperties": {
			"schema": {
				"value": "@dataset().Schema",
				"type": "Expression"
			},
			"table": {
				"value": "@dataset().Table",
				"type": "Expression"
			}
		}
	},
	"type": "Microsoft.Synapse/workspaces/datasets"
}