{
	"name": "Drop_JSON",
	"properties": {
		"linkedServiceName": {
			"referenceName": "DropZone",
			"type": "LinkedServiceReference"
		},
		"parameters": {
			"FileSystem": {
				"type": "string"
			},
			"Folder": {
				"type": "string"
			},
			"File": {
				"type": "string"
			}
		},
		"folder": {
			"name": "Azure/Datalake"
		},
		"annotations": [],
		"type": "Json",
		"typeProperties": {
			"location": {
				"type": "AzureBlobFSLocation",
				"fileName": {
					"value": "@dataset().File",
					"type": "Expression"
				},
				"folderPath": {
					"value": "@dataset().Folder",
					"type": "Expression"
				},
				"fileSystem": {
					"value": "@dataset().FileSystem",
					"type": "Expression"
				}
			}
		},
		"schema": {}
	},
	"type": "Microsoft.Synapse/workspaces/datasets"
}