{
	"name": "REST_API",
	"properties": {
		"linkedServiceName": {
			"referenceName": "REST",
			"type": "LinkedServiceReference",
			"parameters": {
				"BaseURL": {
					"value": "@dataset().BaseURL",
					"type": "Expression"
				},
				"ServicePrincipalID": {
					"value": "@dataset().ServicePrincipalID",
					"type": "Expression"
				},
				"TenantID": {
					"value": "@dataset().TenantID",
					"type": "Expression"
				},
				"AADResource": {
					"value": "@dataset().AADResource",
					"type": "Expression"
				}
			}
		},
		"parameters": {
			"BaseURL": {
				"type": "string"
			},
			"ServicePrincipalID": {
				"type": "string"
			},
			"TenantID": {
				"type": "string"
			},
			"AADResource": {
				"type": "string"
			},
			"RelativeURL": {
				"type": "string"
			}
		},
		"folder": {
			"name": "Azure/REST"
		},
		"annotations": [],
		"type": "RestResource",
		"typeProperties": {
			"relativeUrl": {
				"value": "@dataset().RelativeURL",
				"type": "Expression"
			}
		},
		"schema": []
	},
	"type": "Microsoft.Synapse/workspaces/datasets"
}